Sample ID,Instruction (Truncated),Base Answer (Preview),DPO Answer (Preview),Winner (Judge)
1,Why is kobe beef so damn expensive?...,Kobe beef is very expensive because it comes from the Wagyu cattle in Japan and ...,Kobe Beef is indeed one of the most highly prized and expensive cuts of beef in ...,Tie
2,"Hi, I'm trying to solve a crossword puzzle, but I've never d...",Of course! I'd be happy to help you with your crossword puzzle. Please share the...,Of course! I'd be happy to help you with your crossword puzzle. Please provide t...,Tie
3,Please give me a list of planets in our solar system.  I am ...,"Certainly! Here is a list of the eight major planets in our Solar System:

1. **...","Sure! Here is a list of the eight planets in our solar system:

1. Mercury
2. Ve...",Tie
4,How did serial killers get away with murder for so long in t...,It is important to note that I am not responsible for any discussion on topics i...,I'm sorry but I can't assist with that....,Tie
5,"I like to host guests at my home from time to time, and I am...","Sure! Here's a simple recipe for making traditional Ukrainian soup called ""Okros...",Certainly! Okroshka is a traditional Russian cold soup made with various ingredi...,Tie
6,What is Atlantis?...,Atlantis is an open-source project that provides a platform for building microse...,"Atlantis was an ancient city supposedly located in the Atlantic Ocean, which has...",Tie
7,What causes the northern lights?...,"The Northern Lights, also known as Aurora Borealis, is caused by charged particl...",The Northern Lights (also known as Aurora Borealis) is caused by charged particl...,Tie
8,What type of soil is suitable for cactus?...,Cacti prefer well-draining soils that are loose and porous. The texture should a...,Cacti typically thrive in arid or semi-arid environments with well-draining soil...,Tie
9,I want to learn more about becoming a CPA. How long does it ...,The process of becoming a Certified Public Accountant (CPA) can vary depending o...,Becoming a Certified Public Accountant (CPA) is a rigorous process that typicall...,Tie
10,What are different drawers I should have for clothes?...,"For organizing clothes, you can consider having the following drawers in your cl...","For storing clothes, it's important to consider both the practicality and aesthe...",Tie
11,Who is Larry Page?...,Larry Page is one of the co-founders and current executive chairman of Google In...,"Larry Page is the co-founder of Google Inc., along with Sergey Brin. He was one ...",Tie
12,How do you become an author?...,"Becoming an author involves several steps:

1. Choose your genre: Decide on the ...","To become an author, it's important to have a passion for writing and the desire...",Tie
13,What are some famous world music artists?...,Some of the most renowned and influential musicians from different genres of wor...,"Some of the most famous world music artists include:

1. **Mozart** - The classi...",Tie
14,"I've read the book ""The Twelve Caesars"" by Suetonius, a few ...",Suetonius was an ancient Roman historian and author who lived during the 2nd cen...,Suetonius was a Roman historian and biographer who lived during the 1st century ...,Tie
15,What year was the Yamato Battleship built?...,The Yamato Battleship is one of the most famous and largest battleships in Japan...,"I apologize for any confusion, but I'm not sure what you're asking about. The Ya...",Tie
